"identifier","prefLabel"
"https://w3id.org/eusoilvoc#AcidityExchangeable","acidity exchangeable"
"https://w3id.org/eusoilvoc#AerationPorosity","aeration porosity"
"https://w3id.org/eusoilvoc#AggregatedSiltClay","aggregated silt clay"
"https://w3id.org/eusoilvoc#AgriculturalSustainability","agricultural sustainability"
"https://w3id.org/eusoilvoc#AirFilledPorosity","air filled porosity"
"https://w3id.org/eusoilvoc#AirQuality","air quality"
"https://w3id.org/eusoilvoc#AirRatio","air ratio"
"https://w3id.org/eusoilvoc#Aluminium","aluminium"
"https://w3id.org/eusoilvoc#AluminiumExchangeableBase","aluminium exchangeable base"
"https://w3id.org/eusoilvoc#AluminiumExtractableElements","aluminium extractable elements"
"https://w3id.org/eusoilvoc#AluminiumTotalElements","aluminium total elements"
"https://w3id.org/eusoilvoc#AntecedentSoilMoistureContents","antecedent soil moisture contents"
"https://w3id.org/eusoilvoc#AvailableWaterHoldingCapacity","available water holding capacity"
"https://w3id.org/eusoilvoc#BaseSaturation","base saturation"
"https://w3id.org/eusoilvoc#Biochannel","biochannel"
"https://w3id.org/eusoilvoc#BiologicalAbundance","biological abundance"
"https://w3id.org/eusoilvoc#BiologicalFeatures","biological features"
"https://w3id.org/eusoilvoc#BleachedSand","bleached sand"
"https://w3id.org/eusoilvoc#bulkDensityFineEarthProcedure-BlkDensF_fe-cl-fc","BlkDensF_fe-cl-fc"
"https://w3id.org/eusoilvoc#bulkDensityFineEarthProcedure-BlkDensF_fe-cl-od","BlkDensF_fe-cl-od"
"https://w3id.org/eusoilvoc#bulkDensityFineEarthProcedure-BlkDensF_fe-cl-unkn","BlkDensF_fe-cl-unk"
"https://w3id.org/eusoilvoc#bulkDensityFineEarthProcedure-BlkDensF_fe-co-fc","BlkDensF_fe-co-fc"
"https://w3id.org/eusoilvoc#bulkDensityFineEarthProcedure-BlkDensF_fe-co-od","BlkDensF_fe-co-od"
"https://w3id.org/eusoilvoc#bulkDensityFineEarthProcedure-BlkDensF_fe-co-unkn","BlkDensF_fe-co-unk"
"https://w3id.org/eusoilvoc#bulkDensityFineEarthProcedure-BlkDensF_fe-rpl-unkn","BlkDensF_fe-rpl-unk"
"https://w3id.org/eusoilvoc#bulkDensityFineEarthProcedure-BlkDensF_fe-unkn","BlkDensF_fe-unk"
"https://w3id.org/eusoilvoc#bulkDensityFineEarthProcedure-BlkDensF_fe-unkn-fc","BlkDensF_fe-unkn-fc"
"https://w3id.org/eusoilvoc#bulkDensityFineEarthProcedure-BlkDensF_fe-unkn-od","BlkDensF_fe-unkn-od"
"https://w3id.org/eusoilvoc#bulkDensityWholeSoilProcedure-BlkDensW_we-cl-fc","BlkDensW_we-cl-fc"
"https://w3id.org/eusoilvoc#bulkDensityWholeSoilProcedure-BlkDensW_we-cl-od","BlkDensW_we-cl-od"
"https://w3id.org/eusoilvoc#bulkDensityWholeSoilProcedure-BlkDensW_we-cl-unkn","BlkDensW_we-cl-unk"
"https://w3id.org/eusoilvoc#bulkDensityWholeSoilProcedure-BlkDensW_we-co-fc","BlkDensW_we-co-fc"
"https://w3id.org/eusoilvoc#bulkDensityWholeSoilProcedure-BlkDensW_we-co-od","BlkDensW_we-co-od"
"https://w3id.org/eusoilvoc#bulkDensityWholeSoilProcedure-BlkDensW_we-co-unkn","BlkDensW_we-co-unk"
"https://w3id.org/eusoilvoc#bulkDensityWholeSoilProcedure-BlkDensW_we-rpl-unkn","BlkDensW_we-rpl-unk"
"https://w3id.org/eusoilvoc#bulkDensityWholeSoilProcedure-BlkDensW_we-unkn","BlkDensW_we-unk"
"https://w3id.org/eusoilvoc#BoronExtractableElements","boron extractable elements"
"https://w3id.org/eusoilvoc#BoronTotalElements","boron total elements"
"https://w3id.org/eusoilvoc#BoundaryDistinctness","boundary distinctness"
"https://w3id.org/eusoilvoc#BoundaryTopography","boundary topography"
"https://w3id.org/eusoilvoc#baseSaturationProcedure-BSat_calcul-cec","BSat_calcul-cec"
"https://w3id.org/eusoilvoc#baseSaturationProcedure-BSat_calcul-ecec","BSat_calcul-ecec"
"https://w3id.org/eusoilvoc#Building","building"
"https://w3id.org/eusoilvoc#BuildingStability","building stability"
"https://w3id.org/eusoilvoc#BulkDensityFineEarth","bulk density fine earth"
"https://w3id.org/eusoilvoc#BulkDensityMineral","bulk density mineral"
"https://w3id.org/eusoilvoc#BulkDensityWholeSoil","bulk density whole soil"
"https://w3id.org/eusoilvoc#totalCarbonateEquivalentProcedure-CaCO3_acid-ch3cooh-dc","CaCO3_acid-ch3cooh-dc"
"https://w3id.org/eusoilvoc#totalCarbonateEquivalentProcedure-CaCO3_acid-ch3cooh-nodc","CaCO3_acid-ch3cooh-nodc"
"https://w3id.org/eusoilvoc#totalCarbonateEquivalentProcedure-CaCO3_acid-ch3cooh-unkn","CaCO3_acid-ch3cooh-unk"
"https://w3id.org/eusoilvoc#totalCarbonateEquivalentProcedure-CaCO3_acid-dc","CaCO3_acid-dc"
"https://w3id.org/eusoilvoc#totalCarbonateEquivalentProcedure-CaCO3_acid-h2so4-dc","CaCO3_acid-h2so4-dc"
"https://w3id.org/eusoilvoc#totalCarbonateEquivalentProcedure-CaCO3_acid-h2so4-nodc","CaCO3_acid-h2so4-nodc"
"https://w3id.org/eusoilvoc#totalCarbonateEquivalentProcedure-CaCO3_acid-h2so4-unkn","CaCO3_acid-h2so4-unk"
"https://w3id.org/eusoilvoc#totalCarbonateEquivalentProcedure-CaCO3_acid-h3po4-dc","CaCO3_acid-h3po4-dc"
"https://w3id.org/eusoilvoc#totalCarbonateEquivalentProcedure-CaCO3_acid-h3po4-nodc","CaCO3_acid-h3po4-nodc"
"https://w3id.org/eusoilvoc#totalCarbonateEquivalentProcedure-CaCO3_acid-h3po4-unkn","CaCO3_acid-h3po4-unk"
"https://w3id.org/eusoilvoc#totalCarbonateEquivalentProcedure-CaCO3_acid-hcl-dc","CaCO3_acid-hcl-dc"
"https://w3id.org/eusoilvoc#totalCarbonateEquivalentProcedure-CaCO3_acid-hcl-nodc","CaCO3_acid-hcl-nodc"
"https://w3id.org/eusoilvoc#totalCarbonateEquivalentProcedure-CaCO3_acid-hcl-unkn","CaCO3_acid-hcl-unk"
"https://w3id.org/eusoilvoc#totalCarbonateEquivalentProcedure-CaCO3_acid-nodc","CaCO3_acid-nodc"
"https://w3id.org/eusoilvoc#totalCarbonateEquivalentProcedure-CaCO3_acid-unkn","CaCO3_acid-unk"
"https://w3id.org/eusoilvoc#totalCarbonateEquivalentProcedure-CaCO3_ca01","CaCO3_ca01"
"https://w3id.org/eusoilvoc#totalCarbonateEquivalentProcedure-CaCO3_ca02","CaCO3_ca02"
"https://w3id.org/eusoilvoc#totalCarbonateEquivalentProcedure-CaCO3_ca03","CaCO3_ca03"
"https://w3id.org/eusoilvoc#totalCarbonateEquivalentProcedure-CaCO3_ca04","CaCO3_ca04"
"https://w3id.org/eusoilvoc#totalCarbonateEquivalentProcedure-CaCO3_ca05","CaCO3_ca05"
"https://w3id.org/eusoilvoc#totalCarbonateEquivalentProcedure-CaCO3_ca06","CaCO3_ca06"
"https://w3id.org/eusoilvoc#totalCarbonateEquivalentProcedure-CaCO3_ca07","CaCO3_ca07"
"https://w3id.org/eusoilvoc#totalCarbonateEquivalentProcedure-CaCO3_ca08","CaCO3_ca08"
"https://w3id.org/eusoilvoc#totalCarbonateEquivalentProcedure-CaCO3_ca09","CaCO3_ca09"
"https://w3id.org/eusoilvoc#totalCarbonateEquivalentProcedure-CaCO3_ca10","CaCO3_ca10"
"https://w3id.org/eusoilvoc#totalCarbonateEquivalentProcedure-CaCO3_ca11","CaCO3_ca11"
"https://w3id.org/eusoilvoc#totalCarbonateEquivalentProcedure-CaCO3_ca12","CaCO3_ca12"
"https://w3id.org/eusoilvoc#totalCarbonateEquivalentProcedure-CaCO3_calcul-tc-oc","CaCO3_calcul-tc-oc"
"https://w3id.org/eusoilvoc#CadmiumExtractableElements","cadmium extractable elements"
"https://w3id.org/eusoilvoc#CadmiumTotalElements","cadmium total elements"
"https://w3id.org/eusoilvoc#Calcium","calcium"
"https://w3id.org/eusoilvoc#CalciumExchangeableBase","calcium exchangeable base"
"https://w3id.org/eusoilvoc#CalciumExtractableElements","calcium extractable elements"
"https://w3id.org/eusoilvoc#CalciumTotalElements","calcium total elements"
"https://w3id.org/eusoilvoc#CarbonPools","carbon pools"
"https://w3id.org/eusoilvoc#CarbonStorageCapacity","carbon storage capacity"
"https://w3id.org/eusoilvoc#CarbonateForms","carbonate forms"
"https://w3id.org/eusoilvoc#gypsumProcedure-CaSO4_gy01","CaSO4_gy01"
"https://w3id.org/eusoilvoc#gypsumProcedure-CaSO4_gy02","CaSO4_gy02"
"https://w3id.org/eusoilvoc#gypsumProcedure-CaSO4_gy03","CaSO4_gy03"
"https://w3id.org/eusoilvoc#gypsumProcedure-CaSO4_gy04","CaSO4_gy04"
"https://w3id.org/eusoilvoc#gypsumProcedure-CaSO4_gy05","CaSO4_gy05"
"https://w3id.org/eusoilvoc#gypsumProcedure-CaSO4_gy06","CaSO4_gy06"
"https://w3id.org/eusoilvoc#gypsumProcedure-CaSO4_gy07","CaSO4_gy07"
"https://w3id.org/eusoilvoc#CationExchange","cation exchange"
"https://w3id.org/eusoilvoc#CationExchangeCapacity","cation exchange capacity"
"https://w3id.org/eusoilvoc#CationExchangeCapacityEffective","cation exchange capacity effective"
"https://w3id.org/eusoilvoc#CationExchangeCapacitySoil","cation exchange capacity soil"
"https://w3id.org/eusoilvoc#CationSum","cation sum"
"https://w3id.org/eusoilvoc#cationExchangeCapacitySoilProcedure-CEC_ph-unkn-cacl2","CEC_ph-unkn-cacl2"
"https://w3id.org/eusoilvoc#cationExchangeCapacitySoilProcedure-CEC_ph-unkn-lioac","CEC_ph-unkn-lioac"
"https://w3id.org/eusoilvoc#cationExchangeCapacitySoilProcedure-CEC_ph-unkn-m3","CEC_ph-unkn-m3"
"https://w3id.org/eusoilvoc#cationExchangeCapacitySoilProcedure-CEC_ph0-ag-thioura","CEC_ph0-ag-thioura"
"https://w3id.org/eusoilvoc#cationExchangeCapacitySoilProcedure-CEC_ph0-bacl2","CEC_ph0-bacl2"
"https://w3id.org/eusoilvoc#cationExchangeCapacitySoilProcedure-CEC_ph0-cohex","CEC_ph0-cohex"
"https://w3id.org/eusoilvoc#cationExchangeCapacitySoilProcedure-CEC_ph0-kcl","CEC_ph0-kcl"
"https://w3id.org/eusoilvoc#cationExchangeCapacitySoilProcedure-CEC_ph0-nh4cl","CEC_ph0-nh4cl"
"https://w3id.org/eusoilvoc#cationExchangeCapacitySoilProcedure-CEC_ph0-nh4oac","CEC_ph0-nh4oac"
"https://w3id.org/eusoilvoc#cationExchangeCapacitySoilProcedure-CEC_ph0-unkn","CEC_ph0-unk"
"https://w3id.org/eusoilvoc#cationExchangeCapacitySoilProcedure-CEC_ph7-edta","CEC_ph7-edta"
"https://w3id.org/eusoilvoc#cationExchangeCapacitySoilProcedure-CEC_ph7-nh4oac","CEC_ph7-nh4oac"
"https://w3id.org/eusoilvoc#cationExchangeCapacitySoilProcedure-CEC_ph7-unkn","CEC_ph7-unk"
"https://w3id.org/eusoilvoc#cationExchangeCapacitySoilProcedure-CEC_ph8-bacl2tea","CEC_ph8-bacl2tea"
"https://w3id.org/eusoilvoc#cationExchangeCapacitySoilProcedure-CEC_ph8-baoac","CEC_ph8-baoac"
"https://w3id.org/eusoilvoc#cationExchangeCapacitySoilProcedure-CEC_ph8-licl2tea","CEC_ph8-licl2tea"
"https://w3id.org/eusoilvoc#cationExchangeCapacitySoilProcedure-CEC_ph8-naoac","CEC_ph8-naoac"
"https://w3id.org/eusoilvoc#cationExchangeCapacitySoilProcedure-CEC_ph8-nh4oac","CEC_ph8-nh4oac"
"https://w3id.org/eusoilvoc#cationExchangeCapacitySoilProcedure-CEC_ph8-unkn","CEC_ph8-unk"
"https://w3id.org/eusoilvoc#Cementation","cementation"
"https://w3id.org/eusoilvoc#CementationContinuity","cementation continuity"
"https://w3id.org/eusoilvoc#CementationDegree","cementation degree"
"https://w3id.org/eusoilvoc#CementationFabric","cementation fabric"
"https://w3id.org/eusoilvoc#CementationNature","cementation nature"
"https://w3id.org/eusoilvoc#CoarseFragments","coarse fragments"
"https://w3id.org/eusoilvoc#CoarseSand","coarse sand"
"https://w3id.org/eusoilvoc#CoatingAbundance","coating abundance"
"https://w3id.org/eusoilvoc#CoatingContrast","coating contrast"
"https://w3id.org/eusoilvoc#CoatingForms","coating forms"
"https://w3id.org/eusoilvoc#CoatingLocation","coating location"
"https://w3id.org/eusoilvoc#CoatingNature","coating nature"
"https://w3id.org/eusoilvoc#ColloidContentMoistureEquivalentRatio","colloid content moisture equivalent ratio"
"https://w3id.org/eusoilvoc#ConservationTillage","conservation tillage"
"https://w3id.org/eusoilvoc#ConservativeSolutes","conservative solutes"
"https://w3id.org/eusoilvoc#ConsistenceDry","consistence dry"
"https://w3id.org/eusoilvoc#ConsistenceMoist","consistence moist"
"https://w3id.org/eusoilvoc#ControlledDrainage","controlled drainage"
"https://w3id.org/eusoilvoc#CopperExtractableElements","copper extractable elements"
"https://w3id.org/eusoilvoc#CopperTotalElements","copper total elements"
"https://w3id.org/eusoilvoc#CriticalSoilOrganicMatterContents","critical soil organic matter contents"
"https://w3id.org/eusoilvoc#CropClass","crop class"
"https://w3id.org/eusoilvoc#CropResidueMulch","crop residue mulch"
"https://w3id.org/eusoilvoc#coarseFragmentsProcedure-CrsFrg_fld","CrsFrg_fld"
"https://w3id.org/eusoilvoc#coarseFragmentsProcedure-CrsFrg_fldcls","CrsFrg_fldcls"
"https://w3id.org/eusoilvoc#coarseFragmentsProcedure-CrsFrg_lab","CrsFrg_lab"
"https://w3id.org/eusoilvoc#CulturalServices","cultural services"
"https://w3id.org/eusoilvoc#DegreeOfSaturation","degree of saturation"
"https://w3id.org/eusoilvoc#DispersionRatio","dispersion ratio"
"https://w3id.org/eusoilvoc#DrainageToGroundwater","drainage to groundwater"
"https://w3id.org/eusoilvoc#DryConsistency","dry consistency"
"https://w3id.org/eusoilvoc#DrySoilBulkDensity","dry soil bulk density"
"https://w3id.org/eusoilvoc#electricalConductivityProcedure-EC_ratio1-1","EC_ratio1-1"
"https://w3id.org/eusoilvoc#electricalConductivityProcedure-EC_ratio1-10","EC_ratio1-10"
"https://w3id.org/eusoilvoc#electricalConductivityProcedure-EC_ratio1-2","EC_ratio1-2"
"https://w3id.org/eusoilvoc#electricalConductivityProcedure-EC_ratio1-2.5","EC_ratio1-2.5"
"https://w3id.org/eusoilvoc#electricalConductivityProcedure-EC_ratio1-5","EC_ratio1-5"
"https://w3id.org/eusoilvoc#electricalConductivityProcedure-ECe_sat","ECe_sat"
"https://w3id.org/eusoilvoc#effectiveCecProcedure-EffCEC_calcul-b","EffCEC_calcul-b"
"https://w3id.org/eusoilvoc#effectiveCecProcedure-EffCEC_calcul-ba","EffCEC_calcul-ba"
"https://w3id.org/eusoilvoc#EffectiveCEC","effective CEC"
"https://w3id.org/eusoilvoc#ErosionRatio","erosion ratio"
"https://w3id.org/eusoilvoc#acidityExchangeableProcedure-ExchAcid_ph0-kcl1m","ExchAcid_ph0-kcl1m"
"https://w3id.org/eusoilvoc#acidityExchangeableProcedure-ExchAcid_ph0-nh4cl","ExchAcid_ph0-nh4cl"
"https://w3id.org/eusoilvoc#acidityExchangeableProcedure-ExchAcid_ph0-unkn","ExchAcid_ph0-unk"
"https://w3id.org/eusoilvoc#acidityExchangeableProcedure-ExchAcid_ph7-caoac","ExchAcid_ph7-caoac"
"https://w3id.org/eusoilvoc#acidityExchangeableProcedure-ExchAcid_ph7-unkn","ExchAcid_ph7-unk"
"https://w3id.org/eusoilvoc#acidityExchangeableProcedure-ExchAcid_ph8-bacl2tea","ExchAcid_ph8-bacl2tea"
"https://w3id.org/eusoilvoc#acidityExchangeableProcedure-ExchAcid_ph8-unkn","ExchAcid_ph8-unk"
"https://w3id.org/eusoilvoc#ExchangeableCations","exchangeable cations"
"https://w3id.org/eusoilvoc#exchangeableBasesProcedure-ExchBases_ph-unkn-edta","ExchBases_ph-unkn-edta"
"https://w3id.org/eusoilvoc#exchangeableBasesProcedure-ExchBases_ph-unkn-m3","ExchBases_ph-unkn-m3"
"https://w3id.org/eusoilvoc#exchangeableBasesProcedure-ExchBases_ph-unkn-m3-spec","ExchBases_ph-unkn-m3-spec"
"https://w3id.org/eusoilvoc#exchangeableBasesProcedure-ExchBases_ph0-cohex","ExchBases_ph0-cohex"
"https://w3id.org/eusoilvoc#exchangeableBasesProcedure-ExchBases_ph0-nh4cl","ExchBases_ph0-nh4cl"
"https://w3id.org/eusoilvoc#exchangeableBasesProcedure-ExchBases_ph7-nh4oac","ExchBases_ph7-nh4oac"
"https://w3id.org/eusoilvoc#exchangeableBasesProcedure-ExchBases_ph7-nh4oac-aas","ExchBases_ph7-nh4oac-aas"
"https://w3id.org/eusoilvoc#exchangeableBasesProcedure-ExchBases_ph7-nh4oac-fp","ExchBases_ph7-nh4oac-fp"
"https://w3id.org/eusoilvoc#exchangeableBasesProcedure-ExchBases_ph7-unkn","ExchBases_ph7-unk"
"https://w3id.org/eusoilvoc#exchangeableBasesProcedure-ExchBases_ph8-bacl2tea","ExchBases_ph8-bacl2tea"
"https://w3id.org/eusoilvoc#exchangeableBasesProcedure-ExchBases_ph8-unkn","ExchBases_ph8-unk"
"https://w3id.org/eusoilvoc#ExternalFactors","external factors"
"https://w3id.org/eusoilvoc#extractableElementsProcedure-Extr_ap14","Extr_ap14"
"https://w3id.org/eusoilvoc#extractableElementsProcedure-Extr_ap15","Extr_ap15"
"https://w3id.org/eusoilvoc#extractableElementsProcedure-Extr_ap20","Extr_ap20"
"https://w3id.org/eusoilvoc#extractableElementsProcedure-Extr_ap21","Extr_ap21"
"https://w3id.org/eusoilvoc#extractableElementsProcedure-Extr_c6h8o7-reeuwijk","Extr_c6h8o7-reeuwijk"
"https://w3id.org/eusoilvoc#extractableElementsProcedure-Extr_cacl2","Extr_cacl2"
"https://w3id.org/eusoilvoc#extractableElementsProcedure-Extr_capo4","Extr_capo4"
"https://w3id.org/eusoilvoc#extractableElementsProcedure-Extr_dtpa","Extr_dtpa"
"https://w3id.org/eusoilvoc#extractableElementsProcedure-Extr_edta","Extr_edta"
"https://w3id.org/eusoilvoc#extractableElementsProcedure-Extr_h2so4-truog","Extr_h2so4-truog"
"https://w3id.org/eusoilvoc#extractableElementsProcedure-Extr_hcl-h2so4-nelson","Extr_hcl-h2so4-nelso"
"https://w3id.org/eusoilvoc#extractableElementsProcedure-Extr_hcl-nh4f-bray1","Extr_hcl-nh4f-bray1"
"https://w3id.org/eusoilvoc#extractableElementsProcedure-Extr_hcl-nh4f-bray2","Extr_hcl-nh4f-bray2"
"https://w3id.org/eusoilvoc#extractableElementsProcedure-Extr_hcl-nh4f-kurtz-bray","Extr_hcl-nh4f-kurtz-bray"
"https://w3id.org/eusoilvoc#extractableElementsProcedure-Extr_hno3","Extr_hno3"
"https://w3id.org/eusoilvoc#extractableElementsProcedure-Extr_hotwater","Extr_hotwater"
"https://w3id.org/eusoilvoc#extractableElementsProcedure-Extr_m1","Extr_m1"
"https://w3id.org/eusoilvoc#extractableElementsProcedure-Extr_m2","Extr_m2"
"https://w3id.org/eusoilvoc#extractableElementsProcedure-Extr_m3","Extr_m3"
"https://w3id.org/eusoilvoc#extractableElementsProcedure-Extr_m3-spec","Extr_m3-spec"
"https://w3id.org/eusoilvoc#extractableElementsProcedure-Extr_nahco3-olsen","Extr_nahco3-ols"
"https://w3id.org/eusoilvoc#extractableElementsProcedure-Extr_nahco3-olsen-dabin","Extr_nahco3-olsen-dabi"
"https://w3id.org/eusoilvoc#extractableElementsProcedure-Extr_naoac-morgan","Extr_naoac-morga"
"https://w3id.org/eusoilvoc#extractableElementsProcedure-Extr_nh4-co3-2-ambic1","Extr_nh4-co3-2-ambic1"
"https://w3id.org/eusoilvoc#extractableElementsProcedure-Extr_nh4ch3ch-oh-cooh-leuven","Extr_nh4ch3ch-oh-cooh-leuv"
"https://w3id.org/eusoilvoc#FineSand","fine sand"
"https://w3id.org/eusoilvoc#FloodDuration","flood duration"
"https://w3id.org/eusoilvoc#FloodFrequency","flood frequency"
"https://w3id.org/eusoilvoc#FluxControlledWaterInfiltration","flux controlled water infiltration"
"https://w3id.org/eusoilvoc#Fog","fog"
"https://w3id.org/eusoilvoc#FoundationStability","foundation stability"
"https://w3id.org/eusoilvoc#FoundationStrength","foundation strength"
"https://w3id.org/eusoilvoc#FragmentClass","fragment class"
"https://w3id.org/eusoilvoc#FragmentCover","fragment cover"
"https://w3id.org/eusoilvoc#FragmentSize","fragment size"
"https://w3id.org/eusoilvoc#Fragments","fragments"
"https://w3id.org/eusoilvoc#FriableConsistence","friable consistence"
"https://w3id.org/eusoilvoc#organicMatterProcedure-FulAcidC_unkn","FulAcidC_unk"
"https://w3id.org/eusoilvoc#GaseousCompositionOfSoilAir","gaseous composition of soil air"
"https://w3id.org/eusoilvoc#GeometricMeanDiametre","geometric mean diametre"
"https://w3id.org/eusoilvoc#Grasses","grasses"
"https://w3id.org/eusoilvoc#GypsumContents","gypsum contents"
"https://w3id.org/eusoilvoc#GypsumForms","gypsum forms"
"https://w3id.org/eusoilvoc#GypsumWeight","gypsum weight"
"https://w3id.org/eusoilvoc#HabitatProvisionCapacity","habitat provision capacity"
"https://w3id.org/eusoilvoc#Hail","hail"
"https://w3id.org/eusoilvoc#HarshConsistence","harsh consistence"
"https://w3id.org/eusoilvoc#organicMatterProcedure-HumAcidC_unkn","HumAcidC_unk"
"https://w3id.org/eusoilvoc#HumanInfluenceClass","human influence class"
"https://w3id.org/eusoilvoc#HydrogenExchangeableBases","hydrogen exchangeable bases"
"https://w3id.org/eusoilvoc#IndexBasedOnTextureAndCementingAgents","index based on texture and cementing agents"
"https://w3id.org/eusoilvoc#IndexOfCrusting","index of crusting"
"https://w3id.org/eusoilvoc#IndexOfErodibility","index of erodibility"
"https://w3id.org/eusoilvoc#IndexOfResistance","index of resistance"
"https://w3id.org/eusoilvoc#IndexOfStructuralStability","index of structural stability"
"https://w3id.org/eusoilvoc#carbonInorganicProcedure-InOrgC_calcul-caco3","InOrgC_calcul-caco3"
"https://w3id.org/eusoilvoc#carbonInorganicProcedure-InOrgC_calcul-tc-oc","InOrgC_calcul-tc-oc"
"https://w3id.org/eusoilvoc#InterAggregatePorosity","inter aggregate porosity"
"https://w3id.org/eusoilvoc#InteraggregatePores","interaggregate pores"
"https://w3id.org/eusoilvoc#Interflow","interflow"
"https://w3id.org/eusoilvoc#InterlatticeSwelling","interlattice swelling"
"https://w3id.org/eusoilvoc#InterparticleSwelling","interparticle swelling"
"https://w3id.org/eusoilvoc#InterstructuralPores","interstructural pores"
"https://w3id.org/eusoilvoc#IntraAggregatePorosity","intra aggregate porosity"
"https://w3id.org/eusoilvoc#IntraaggregatePores","intraaggregate pores"
"https://w3id.org/eusoilvoc#IntrinsicChargeDensity","intrinsic charge density"
"https://w3id.org/eusoilvoc#IonExchange","ion exchange"
"https://w3id.org/eusoilvoc#Ions","ions"
"https://w3id.org/eusoilvoc#IronExtractableElements","iron extractable elements"
"https://w3id.org/eusoilvoc#IronTotalElements","iron total elements"
"https://w3id.org/eusoilvoc#KoeppenClass","koeppen class"
"https://w3id.org/eusoilvoc#hydraulicConductivityProcedure-Ksat_bhole","Ksat_bhol"
"https://w3id.org/eusoilvoc#hydraulicConductivityProcedure-KSat_calcul-ptf","KSat_calcul-ptf"
"https://w3id.org/eusoilvoc#hydraulicConductivityProcedure-KSat_calcul-ptf-genuchten","KSat_calcul-ptf-genucht"
"https://w3id.org/eusoilvoc#hydraulicConductivityProcedure-KSat_calcul-ptf-saxton","KSat_calcul-ptf-saxto"
"https://w3id.org/eusoilvoc#hydraulicConductivityProcedure-Ksat_column","Ksat_colum"
"https://w3id.org/eusoilvoc#hydraulicConductivityProcedure-Ksat_dblring","Ksat_dblring"
"https://w3id.org/eusoilvoc#hydraulicConductivityProcedure-Ksat_invbhole","Ksat_invbhol"
"https://w3id.org/eusoilvoc#LabileSolutes","labile solutes"
"https://w3id.org/eusoilvoc#LandUseBareCover","land use bare cover"
"https://w3id.org/eusoilvoc#LandUseForests","land use forests"
"https://w3id.org/eusoilvoc#LandUseGrasses","land use grasses"
"https://w3id.org/eusoilvoc#LandUseShrubs","land use shrubs"
"https://w3id.org/eusoilvoc#LandformComplex","landform complex"
"https://w3id.org/eusoilvoc#LeastLimitingWaterRange","least limiting water range"
"https://w3id.org/eusoilvoc#LiquidConsistence","liquid consistence"
"https://w3id.org/eusoilvoc#LiquidRatio","liquid ratio"
"https://w3id.org/eusoilvoc#LiquidWasteDisposal","liquid waste disposal"
"https://w3id.org/eusoilvoc#LongitudinalDispersion","longitudinal dispersion"
"https://w3id.org/eusoilvoc#Macronutrients","macronutrients"
"https://w3id.org/eusoilvoc#Macroporosity","macroporosity"
"https://w3id.org/eusoilvoc#Magnesium","magnesium"
"https://w3id.org/eusoilvoc#MagnesiumExchangeableBases","magnesium exchangeable bases"
"https://w3id.org/eusoilvoc#MagnesiumExtractableElements","magnesium extractable elements"
"https://w3id.org/eusoilvoc#MagnesiumTotalElements","magnesium total elements"
"https://w3id.org/eusoilvoc#MajorLandForms","major land forms"
"https://w3id.org/eusoilvoc#ManganeseExchangeableBases","manganese exchangeable bases"
"https://w3id.org/eusoilvoc#ManganeseExtractableElements","manganese extractable elements"
"https://w3id.org/eusoilvoc#ManganeseTotalElements","manganese total elements"
"https://w3id.org/eusoilvoc#MatrixPores","matrix pores"
"https://w3id.org/eusoilvoc#MeanWeightDiametre","mean weight diametre"
"https://w3id.org/eusoilvoc#MechanicalRatio","mechanical ratio"
"https://w3id.org/eusoilvoc#MediumSand","medium sand"
"https://w3id.org/eusoilvoc#Microorganisms","microorganisms"
"https://w3id.org/eusoilvoc#MineralConcAbundance","mineral conc abundance"
"https://w3id.org/eusoilvoc#MineralConcColour","mineral conc colour"
"https://w3id.org/eusoilvoc#MineralConcHardness","mineral conc hardness"
"https://w3id.org/eusoilvoc#MineralConcKind","mineral conc kind"
"https://w3id.org/eusoilvoc#MineralConcNature","mineral conc nature"
"https://w3id.org/eusoilvoc#MineralConcShape","mineral conc shape"
"https://w3id.org/eusoilvoc#MineralConcSize","mineral conc size"
"https://w3id.org/eusoilvoc#MineralConcVolume","mineral conc volume"
"https://w3id.org/eusoilvoc#MineralConcentration","mineral concentration"
"https://w3id.org/eusoilvoc#MineralContents","mineral contents"
"https://w3id.org/eusoilvoc#MineralFragments","mineral fragments"
"https://w3id.org/eusoilvoc#MineralParticles","mineral particles"
"https://w3id.org/eusoilvoc#Mist","mist"
"https://w3id.org/eusoilvoc#ModulusOfRupture","modulus of rupture"
"https://w3id.org/eusoilvoc#MoistConsistency","moist consistency"
"https://w3id.org/eusoilvoc#Molybdenum","molybdenum"
"https://w3id.org/eusoilvoc#MolybdenumExtractableElements","molybdenum extractable elements"
"https://w3id.org/eusoilvoc#MolybdenumTotalElements","molybdenum total elements"
"https://w3id.org/eusoilvoc#MottleAbundance","mottle abundance"
"https://w3id.org/eusoilvoc#MottleBoundaryClassification","mottle boundary classification"
"https://w3id.org/eusoilvoc#MottleColour","mottle colour"
"https://w3id.org/eusoilvoc#MottleContrast","mottle contrast"
"https://w3id.org/eusoilvoc#MottlePresence","mottle presence"
"https://w3id.org/eusoilvoc#MottleSize","mottle size"
"https://w3id.org/eusoilvoc#Mulch","mulch"
"https://w3id.org/eusoilvoc#MulchFarming","mulch farming"
"https://w3id.org/eusoilvoc#NitrogenTotal","nitrogen total"
"https://w3id.org/eusoilvoc#NonMatrixPores","non matrix pores"
"https://w3id.org/eusoilvoc#NonsoilIndicators","non-soil indicators"
"https://w3id.org/eusoilvoc#NonconservativeSolutes","nonconservative solutes"
"https://w3id.org/eusoilvoc#NormalShrinkage","normal shrinkage"
"https://w3id.org/eusoilvoc#NutrientBufferingCapacity","nutrient buffering capacity"
"https://w3id.org/eusoilvoc#NutrientDynamics","nutrient dynamics"
"https://w3id.org/eusoilvoc#NutrientMobilisationCapacity","nutrient mobilisation capacity"
"https://w3id.org/eusoilvoc#carbonOrganicProcedure-OrgC_acid-dc","OrgC_acid-dc"
"https://w3id.org/eusoilvoc#carbonOrganicProcedure-OrgC_acid-dc-ht","OrgC_acid-dc-ht"
"https://w3id.org/eusoilvoc#carbonOrganicProcedure-OrgC_acid-dc-ht-analyser","OrgC_acid-dc-ht-analyser"
"https://w3id.org/eusoilvoc#carbonOrganicProcedure-OrgC_acid-dc-lt","OrgC_acid-dc-lt"
"https://w3id.org/eusoilvoc#carbonOrganicProcedure-OrgC_acid-dc-lt-loi","OrgC_acid-dc-lt-loi"
"https://w3id.org/eusoilvoc#carbonOrganicProcedure-OrgC_acid-dc-mt","OrgC_acid-dc-mt"
"https://w3id.org/eusoilvoc#carbonOrganicProcedure-OrgC_acid-dc-spec","OrgC_acid-dc-spec"
"https://w3id.org/eusoilvoc#carbonOrganicProcedure-OrgC_calcul-tc-ic","OrgC_calcul-tc-ic"
"https://w3id.org/eusoilvoc#carbonOrganicProcedure-OrgC_dc","OrgC_dc"
"https://w3id.org/eusoilvoc#carbonOrganicProcedure-OrgC_dc-ht","OrgC_dc-ht"
"https://w3id.org/eusoilvoc#carbonOrganicProcedure-OrgC_dc-ht-analyser","OrgC_dc-ht-analyser"
"https://w3id.org/eusoilvoc#carbonOrganicProcedure-OrgC_dc-lt","OrgC_dc-lt"
"https://w3id.org/eusoilvoc#carbonOrganicProcedure-OrgC_dc-lt-loi","OrgC_dc-lt-loi"
"https://w3id.org/eusoilvoc#carbonOrganicProcedure-OrgC_dc-mt","OrgC_dc-mt"
"https://w3id.org/eusoilvoc#carbonOrganicProcedure-OrgC_dc-spec","OrgC_dc-spec"
"https://w3id.org/eusoilvoc#carbonOrganicProcedure-OrgC_wc","OrgC_wc"
"https://w3id.org/eusoilvoc#carbonOrganicProcedure-OrgC_wc-cro3-jackson","OrgC_wc-cro3-jackso"
"https://w3id.org/eusoilvoc#carbonOrganicProcedure-OrgC_wc-cro3-kalembra","OrgC_wc-cro3-kalembra"
"https://w3id.org/eusoilvoc#carbonOrganicProcedure-OrgC_wc-cro3-knopp","OrgC_wc-cro3-knopp"
"https://w3id.org/eusoilvoc#carbonOrganicProcedure-OrgC_wc-cro3-kurmies","OrgC_wc-cro3-kurmies"
"https://w3id.org/eusoilvoc#carbonOrganicProcedure-OrgC_wc-cro3-nelson","OrgC_wc-cro3-nelso"
"https://w3id.org/eusoilvoc#carbonOrganicProcedure-OrgC_wc-cro3-nrcs6a1c","OrgC_wc-cro3-nrcs6a1c"
"https://w3id.org/eusoilvoc#carbonOrganicProcedure-OrgC_wc-cro3-tiurin","OrgC_wc-cro3-tiuri"
"https://w3id.org/eusoilvoc#carbonOrganicProcedure-OrgC_wc-cro3-walkleyblack","OrgC_wc-cro3-walkleyblack"
"https://w3id.org/eusoilvoc#organicMatterProcedure-OrgM_calcul-oc1.73","OrgM_calcul-oc1.73"
"https://w3id.org/eusoilvoc#OverlandFlow","overland flow"
"https://w3id.org/eusoilvoc#OxalateExtractableOpticalDensity","oxalate extractable optical density"
"https://w3id.org/eusoilvoc#ParentLithology","parent lithology"
"https://w3id.org/eusoilvoc#ParentMaterial","parent material"
"https://w3id.org/eusoilvoc#ParentTextureUnconsolidated","parent texture unconsolidated"
"https://w3id.org/eusoilvoc#PavementStability","pavement stability"
"https://w3id.org/eusoilvoc#Pavements","pavements"
"https://w3id.org/eusoilvoc#availableWaterHoldingCapacityProcedure-PAWHC_calcul-fc100wp","PAWHC_calcul-fc100wp"
"https://w3id.org/eusoilvoc#availableWaterHoldingCapacityProcedure-PAWHC_calcul-fc200wp","PAWHC_calcul-fc200wp"
"https://w3id.org/eusoilvoc#availableWaterHoldingCapacityProcedure-PAWHC_calcul-fc300wp","PAWHC_calcul-fc300wp"
"https://w3id.org/eusoilvoc#PeatDrainage","peat drainage"
"https://w3id.org/eusoilvoc#PeatVolume","peat volume"
"https://w3id.org/eusoilvoc#PercentWaterStableAggregation","percent water stable aggregation"
"https://w3id.org/eusoilvoc#Percolation","percolation"
"https://w3id.org/eusoilvoc#PermanentCharge","permanent charge"
"https://w3id.org/eusoilvoc#PermanentWiltingPoint","permanent wilting point"
"https://w3id.org/eusoilvoc#pFcurve","pF curve"
"https://w3id.org/eusoilvoc#pHProcedure-pHCaCl2","pHCaCl2"
"https://w3id.org/eusoilvoc#pHProcedure-pHCaCl2_ratio1-1","pHCaCl2_ratio1-1"
"https://w3id.org/eusoilvoc#pHProcedure-pHCaCl2_ratio1-10","pHCaCl2_ratio1-10"
"https://w3id.org/eusoilvoc#pHProcedure-pHCaCl2_ratio1-2","pHCaCl2_ratio1-2"
"https://w3id.org/eusoilvoc#pHProcedure-pHCaCl2_ratio1-2.5","pHCaCl2_ratio1-2.5"
"https://w3id.org/eusoilvoc#pHProcedure-pHCaCl2_ratio1-5","pHCaCl2_ratio1-5"
"https://w3id.org/eusoilvoc#pHProcedure-pHCaCl2_sat","pHCaCl2_sat"
"https://w3id.org/eusoilvoc#pHProcedure-pHH2O","pHH2O"
"https://w3id.org/eusoilvoc#pHProcedure-pHH2O_ratio1-1","pHH2O_ratio1-1"
"https://w3id.org/eusoilvoc#pHProcedure-pHH2O_ratio1-10","pHH2O_ratio1-10"
"https://w3id.org/eusoilvoc#pHProcedure-pHH2O_ratio1-2","pHH2O_ratio1-2"
"https://w3id.org/eusoilvoc#pHProcedure-pHH2O_ratio1-2.5","pHH2O_ratio1-2.5"
"https://w3id.org/eusoilvoc#pHProcedure-pHH2O_ratio1-5","pHH2O_ratio1-5"
"https://w3id.org/eusoilvoc#pHProcedure-pHH2O_sat","pHH2O_sat"
"https://w3id.org/eusoilvoc#pHProcedure-pHH2O_unkn-spec","pHH2O_unkn-spec"
"https://w3id.org/eusoilvoc#pHProcedure-pHKCl","pHKCl"
"https://w3id.org/eusoilvoc#pHProcedure-pHKCl_ratio1-1","pHKCl_ratio1-1"
"https://w3id.org/eusoilvoc#pHProcedure-pHKCl_ratio1-10","pHKCl_ratio1-10"
"https://w3id.org/eusoilvoc#pHProcedure-pHKCl_ratio1-2","pHKCl_ratio1-2"
"https://w3id.org/eusoilvoc#pHProcedure-pHKCl_ratio1-2.5","pHKCl_ratio1-2.5"
"https://w3id.org/eusoilvoc#pHProcedure-pHKCl_ratio1-5","pHKCl_ratio1-5"
"https://w3id.org/eusoilvoc#pHProcedure-pHKCl_sat","pHKCl_sat"
"https://w3id.org/eusoilvoc#pHProcedure-pHNaF","pHNaF"
"https://w3id.org/eusoilvoc#pHProcedure-pHNaF_ratio1-1","pHNaF_ratio1-1"
"https://w3id.org/eusoilvoc#pHProcedure-pHNaF_ratio1-10","pHNaF_ratio1-10"
"https://w3id.org/eusoilvoc#pHProcedure-pHNaF_ratio1-2","pHNaF_ratio1-2"
"https://w3id.org/eusoilvoc#pHProcedure-pHNaF_ratio1-2.5","pHNaF_ratio1-2.5"
"https://w3id.org/eusoilvoc#pHProcedure-pHNaF_ratio1-5","pHNaF_ratio1-5"
"https://w3id.org/eusoilvoc#pHProcedure-pHNaF_sat","pHNaF_sat"
"https://w3id.org/eusoilvoc#PhosphorusExtractableElements","phosphorus extractable elements"
"https://w3id.org/eusoilvoc#PhosphorusTotalElements","phosphorus total elements"
"https://w3id.org/eusoilvoc#PlanetaryPhenomena","planetary phenomena"
"https://w3id.org/eusoilvoc#PlantAvailableWaterCapacity","plant available water capacity"
"https://w3id.org/eusoilvoc#PlantAvailableWaterContents","plant available water contents"
"https://w3id.org/eusoilvoc#PlantNutrientUptake","plant nutrient uptake"
"https://w3id.org/eusoilvoc#PlantPart","plant part"
"https://w3id.org/eusoilvoc#PlantRespiration","plant respiration"
"https://w3id.org/eusoilvoc#PlasticConsistence","plastic consistence"
"https://w3id.org/eusoilvoc#PoreAbundance","pore abundance"
"https://w3id.org/eusoilvoc#porosityProcedure-Poros_calcul-pf0","Poros_calcul-pf0"
"https://w3id.org/eusoilvoc#PorosityClass","porosity class"
"https://w3id.org/eusoilvoc#Potassium","potassium"
"https://w3id.org/eusoilvoc#PotassiumExchangeableBases","potassium exchangeable bases"
"https://w3id.org/eusoilvoc#PotassiumExtractableElements","potassium extractable elements"
"https://w3id.org/eusoilvoc#PotassiumTotalElements","potassium total elements"
"https://w3id.org/eusoilvoc#ProfileControlledWaterInfiltration","profile controlled water infiltration"
"https://w3id.org/eusoilvoc#ProfileDescriptionStatus","profile description status"
"https://w3id.org/eusoilvoc#ProvisioningServices","provisioning services"
"https://w3id.org/eusoilvoc#ReactiveSolutes","reactive solutes"
"https://w3id.org/eusoilvoc#RegulatingServices","regulating services"
"https://w3id.org/eusoilvoc#ResidualShrinkage","residual shrinkage"
"https://w3id.org/eusoilvoc#phosphorusRetentionProcedure-RetentP_blakemore","RetentP_blakemor"
"https://w3id.org/eusoilvoc#phosphorusRetentionProcedure-RetentP_unkn-spec","RetentP_unkn-spec"
"https://w3id.org/eusoilvoc#Road","road"
"https://w3id.org/eusoilvoc#Rock","rock"
"https://w3id.org/eusoilvoc#RockAbundance","rock abundance"
"https://w3id.org/eusoilvoc#RockOutcropCover","rock outcrop cover"
"https://w3id.org/eusoilvoc#RockOutcropDistance","rock outcrop distance"
"https://w3id.org/eusoilvoc#RockOutcrops","rock outcrops"
"https://w3id.org/eusoilvoc#RockShape","rock shape"
"https://w3id.org/eusoilvoc#RockSize","rock size"
"https://w3id.org/eusoilvoc#RootAbundance","root abundance"
"https://w3id.org/eusoilvoc#RootBiomass","root biomass"
"https://w3id.org/eusoilvoc#RootPresence","root presence"
"https://w3id.org/eusoilvoc#Runoff","runoff"
"https://w3id.org/eusoilvoc#SaltIncrustation","salt incrustation"
"https://w3id.org/eusoilvoc#SaltPresence","salt presence"
"https://w3id.org/eusoilvoc#SaltSieving","salt sieving"
"https://w3id.org/eusoilvoc#SaltThickness","salt thickness"
"https://w3id.org/eusoilvoc#SandyTexture","sandy texture"
"https://w3id.org/eusoilvoc#SaturatedHydraulicConductivity","saturated hydraulic conductivity"
"https://w3id.org/eusoilvoc#SaturatedVapourPressure","saturated vapour pressure"
"https://w3id.org/eusoilvoc#SaturatedWaterFlow","saturated water flow"
"https://w3id.org/eusoilvoc#SeedbedPreparation","seedbed preparation"
"https://w3id.org/eusoilvoc#SeedlingEmergence","seedling emergence"
"https://w3id.org/eusoilvoc#SilicaSesquioxideRatio","silica sesquioxide ratio"
"https://w3id.org/eusoilvoc#solubleSaltsProcedure-SlbAn_calcul-unkn","SlbAn_calcul-unk"
"https://w3id.org/eusoilvoc#solubleSaltsProcedure-SlbCat_calcul-unkn","SlbCat_calcul-unk"
"https://w3id.org/eusoilvoc#SlopeForms","slope forms"
"https://w3id.org/eusoilvoc#SlopeGradient","slope gradient"
"https://w3id.org/eusoilvoc#SlopeGradientClass","slope gradient class"
"https://w3id.org/eusoilvoc#SlopeGradientNumeric","slope gradient numeric"
"https://w3id.org/eusoilvoc#SlopeOrientation","slope orientation"
"https://w3id.org/eusoilvoc#SlopeOrientationClass","slope orientation class"
"https://w3id.org/eusoilvoc#SlopeOrientationNumeric","slope orientation numeric"
"https://w3id.org/eusoilvoc#SlopePathways","slope pathways"
"https://w3id.org/eusoilvoc#Sodium","sodium"
"https://w3id.org/eusoilvoc#SodiumExchangeableBases","sodium exchangeable bases"
"https://w3id.org/eusoilvoc#SodiumExtractableElements","sodium extractable elements"
"https://w3id.org/eusoilvoc#SodiumTotalElements","sodium total elements"
"https://w3id.org/eusoilvoc#SoftConsistence","soft consistence"
"https://w3id.org/eusoilvoc#SoilAbsorption","soil absorption"
"https://w3id.org/eusoilvoc#SoilAdhesion","soil adhesion"
"https://w3id.org/eusoilvoc#SoilAdsorption","soil adsorption"
"https://w3id.org/eusoilvoc#SoilAeration","soil aeration"
"https://w3id.org/eusoilvoc#SoilAerationIndex","soil aeration index"
"https://w3id.org/eusoilvoc#SoilAggregate","soil aggregate"
"https://w3id.org/eusoilvoc#SoilAggregateDegree","soil aggregate degree"
"https://w3id.org/eusoilvoc#SoilAggregateDispersion","soil aggregate dispersion"
"https://w3id.org/eusoilvoc#SoilAggregatePhysicalProperties","soil aggregate physical properties"
"https://w3id.org/eusoilvoc#SoilAggregateShape","soil aggregate shape"
"https://w3id.org/eusoilvoc#SoilAggregateSize","soil aggregate size"
"https://w3id.org/eusoilvoc#SoilAggregateSizeDistribution","soil aggregate size distribution"
"https://w3id.org/eusoilvoc#SoilAggregateStrength","soil aggregate strength"
"https://w3id.org/eusoilvoc#SoilAggregationDegree","soil aggregation degree"
"https://w3id.org/eusoilvoc#SoilAggregationIndex","soil aggregation index"
"https://w3id.org/eusoilvoc#SoilAgriculturalFunctions","soil agricultural functions"
"https://w3id.org/eusoilvoc#SoilAirContents","soil air contents"
"https://w3id.org/eusoilvoc#SoilAirConvection","soil air convection"
"https://w3id.org/eusoilvoc#SoilAirConvectiveFlow","soil air convective flow"
"https://w3id.org/eusoilvoc#SoilAirDiffusion","soil air diffusion"
"https://w3id.org/eusoilvoc#SoilAirDiffusionCoefficient","soil air diffusion coefficient"
"https://w3id.org/eusoilvoc#SoilAirExchange","soil air exchange"
"https://w3id.org/eusoilvoc#SoilAirFlow","soil air flow"
"https://w3id.org/eusoilvoc#SoilAirMovement","soil air movement"
"https://w3id.org/eusoilvoc#SoilAirPermeability","soil air permeability"
"https://w3id.org/eusoilvoc#SoilAirPhysicalProcesses","soil air physical processes"
"https://w3id.org/eusoilvoc#SoilAirPhysicalProperties","soil air physical properties"
"https://w3id.org/eusoilvoc#SoilAlgalCrusts","soil algal crusts"
"https://w3id.org/eusoilvoc#SoilAnionExclusion","soil anion exclusion"
"https://w3id.org/eusoilvoc#SoilApparentDensity","soil apparent density"
"https://w3id.org/eusoilvoc#SoilAvailableWaterCapacity","soil available water capacity"
"https://w3id.org/eusoilvoc#SoilBearingCapacity","soil bearing capacity"
"https://w3id.org/eusoilvoc#SoilBiologicalCrusts","soil biological crusts"
"https://w3id.org/eusoilvoc#SoilBiologicalDegradation","soil biological degradation"
"https://w3id.org/eusoilvoc#SoilBiologicalFunctions","soil biological functions"
"https://w3id.org/eusoilvoc#SoilBiologicalProperties","soil biological properties"
"https://w3id.org/eusoilvoc#SoilBiopore","soil biopore"
"https://w3id.org/eusoilvoc#SoilBufferingCapacity","soil buffering capacity"
"https://w3id.org/eusoilvoc#SoilCarbonDioxideProduction","soil carbon dioxide production"
"https://w3id.org/eusoilvoc#SoilChannel","soil channel"
"https://w3id.org/eusoilvoc#SoilChargeDensity","soil charge density"
"https://w3id.org/eusoilvoc#SoilChemicalCapacity","soil chemical capacity"
"https://w3id.org/eusoilvoc#SoilChemicalCrusts","soil chemical crusts"
"https://w3id.org/eusoilvoc#SoilChemicalDegradation","soil chemical degradation"
"https://w3id.org/eusoilvoc#SoilChemicalDegradativeProcesses","soil chemical degradative processes"
"https://w3id.org/eusoilvoc#SoilChemicalFunctions","soil chemical functions"
"https://w3id.org/eusoilvoc#SoilChemicalProcesses","soil chemical processes"
"https://w3id.org/eusoilvoc#SoilChemicalProperties","soil chemical properties"
"https://w3id.org/eusoilvoc#SoilChemicalReaction","soil chemical reaction"
"https://w3id.org/eusoilvoc#SoilChemicalTransport","soil chemical transport"
"https://w3id.org/eusoilvoc#SoilClassificationFAO","soil classification FAO"
"https://w3id.org/eusoilvoc#SoilClassificationUSDA","soil classification USDA"
"https://w3id.org/eusoilvoc#SoilClassificationWRB","soil classification WRB"
"https://w3id.org/eusoilvoc#SoilCoating","soil coating"
"https://w3id.org/eusoilvoc#SoilCohesiveness","soil cohesiveness"
"https://w3id.org/eusoilvoc#SoilCollapsing","soil collapsing"
"https://w3id.org/eusoilvoc#SoilColour","soil colour"
"https://w3id.org/eusoilvoc#SoilColourDry","soil colour dry"
"https://w3id.org/eusoilvoc#SoilColourMoist","soil colour moist"
"https://w3id.org/eusoilvoc#SoilCompactability","soil compactability"
"https://w3id.org/eusoilvoc#SoilCompressibility","soil compressibility"
"https://w3id.org/eusoilvoc#SoilCompression","soil compression"
"https://w3id.org/eusoilvoc#SoilConsistence","soil consistence"
"https://w3id.org/eusoilvoc#SoilConsistency","soil consistency"
"https://w3id.org/eusoilvoc#SoilCrackDepth","soil crack depth"
"https://w3id.org/eusoilvoc#SoilCrackDistance","soil crack distance"
"https://w3id.org/eusoilvoc#SoilCrackWidth","soil crack width"
"https://w3id.org/eusoilvoc#SoilCracking","soil cracking"
"https://w3id.org/eusoilvoc#SoilCrackingIntensity","soil cracking intensity"
"https://w3id.org/eusoilvoc#SoilCrackingNumber","soil cracking number"
"https://w3id.org/eusoilvoc#SoilCrackingPhysicalProperties","soil cracking physical properties"
"https://w3id.org/eusoilvoc#SoilCracks","soil cracks"
"https://w3id.org/eusoilvoc#SoilCrustDensity","soil crust density"
"https://w3id.org/eusoilvoc#SoilCrustFormation","soil crust formation"
"https://w3id.org/eusoilvoc#SoilCrustPhysicalProperties","soil crust physical properties"
"https://w3id.org/eusoilvoc#SoilCrustStrength","soil crust strength"
"https://w3id.org/eusoilvoc#SoilCrustThickness","soil crust thickness"
"https://w3id.org/eusoilvoc#SoilCrusting","soil crusting"
"https://w3id.org/eusoilvoc#SoilCrusts","soil crusts"
"https://w3id.org/eusoilvoc#SoilDeformation","soil deformation"
"https://w3id.org/eusoilvoc#SoilDensification","soil densification"
"https://w3id.org/eusoilvoc#SoilDensity","soil density"
"https://w3id.org/eusoilvoc#SoilDepositionalCrusts","soil depositional crusts"
"https://w3id.org/eusoilvoc#SoilDepth","soil depth"
"https://w3id.org/eusoilvoc#SoilDepthBedrock","soil depth bedrock"
"https://w3id.org/eusoilvoc#SoilDepthRootable","soil depth rootable"
"https://w3id.org/eusoilvoc#SoilDepthRootableClass","soil depth rootable class"
"https://w3id.org/eusoilvoc#SoilDepthSampled","soil depth sampled"
"https://w3id.org/eusoilvoc#SoilDescription","soil description"
"https://w3id.org/eusoilvoc#SoilDesiccation","soil desiccation"
"https://w3id.org/eusoilvoc#SoilDispersibility","soil dispersibility"
"https://w3id.org/eusoilvoc#SoilDrainage","soil drainage"
"https://w3id.org/eusoilvoc#SoilDrySpecificVolume","soil dry specific volume"
"https://w3id.org/eusoilvoc#SoilDrying","soil drying"
"https://w3id.org/eusoilvoc#SoilEcologicalDegradation","soil ecological degradation"
"https://w3id.org/eusoilvoc#SoilElasticity","soil elasticity"
"https://w3id.org/eusoilvoc#SoilElectricalCapacitance","soil electrical capacitance"
"https://w3id.org/eusoilvoc#SoilEngineeringFunctions","soil engineering functions"
"https://w3id.org/eusoilvoc#SoilEnvironmentalFunctions","soil environmental functions"
"https://w3id.org/eusoilvoc#SoilErodibility","soil erodibility"
"https://w3id.org/eusoilvoc#SoilErodibilityIndex","soil erodibility index"
"https://w3id.org/eusoilvoc#SoilErosionActivityPeriod","soil erosion activity period"
"https://w3id.org/eusoilvoc#SoilErosionAreaAffected","soil erosion area affected"
"https://w3id.org/eusoilvoc#SoilErosionCategory","soil erosion category"
"https://w3id.org/eusoilvoc#SoilErosionDegree","soil erosion degree"
"https://w3id.org/eusoilvoc#SoilErosionTotalAreaAffected","soil erosion total area affected"
"https://w3id.org/eusoilvoc#SoilFailure","soil failure"
"https://w3id.org/eusoilvoc#SoilFieldMoistureCapacity","soil field moisture capacity"
"https://w3id.org/eusoilvoc#SoilFilteringCapacity","soil filtering capacity"
"https://w3id.org/eusoilvoc#SoilFlocculation","soil flocculation"
"https://w3id.org/eusoilvoc#SoilFlow","soil flow"
"https://w3id.org/eusoilvoc#SoilFluid","soil fluid"
"https://w3id.org/eusoilvoc#SoilFluidMovement","soil fluid movement"
"https://w3id.org/eusoilvoc#SoilFluidRetention","soil fluid retention"
"https://w3id.org/eusoilvoc#SoilFluidTransmission","soil fluid transmission"
"https://w3id.org/eusoilvoc#SoilFluidTransport","soil fluid transport"
"https://w3id.org/eusoilvoc#SoilFreezing","soil freezing"
"https://w3id.org/eusoilvoc#SoilFunctionIndicators","soil function indicators"
"https://w3id.org/eusoilvoc#SoilGas","soil gas"
"https://w3id.org/eusoilvoc#SoilGaseousExchange","soil gaseous exchange"
"https://w3id.org/eusoilvoc#SoilGravelContents","soil gravel contents"
"https://w3id.org/eusoilvoc#SoilGravimetricMoistureContents","soil gravimetric moisture contents"
"https://w3id.org/eusoilvoc#SoilGravitationalPotential","soil gravitational potential"
"https://w3id.org/eusoilvoc#SoilHardsetting","soil hardsetting"
"https://w3id.org/eusoilvoc#SoilHeatAbsorption","soil heat absorption"
"https://w3id.org/eusoilvoc#SoilHeatCapacity","soil heat capacity"
"https://w3id.org/eusoilvoc#SoilHeatConduction","soil heat conduction"
"https://w3id.org/eusoilvoc#SoilHeatConvection","soil heat convection"
"https://w3id.org/eusoilvoc#SoilHeatExchange","soil heat exchange"
"https://w3id.org/eusoilvoc#SoilHeatMovement","soil heat movement"
"https://w3id.org/eusoilvoc#SoilHeatRadiation","soil heat radiation"
"https://w3id.org/eusoilvoc#SoilHeatTransfer","soil heat transfer"
"https://w3id.org/eusoilvoc#SoilHeatTransport","soil heat transport"
"https://w3id.org/eusoilvoc#SoilHorizonBoundary","soil horizon boundary"
"https://w3id.org/eusoilvoc#SoilHydraulicDiffusivity","soil hydraulic diffusivity"
"https://w3id.org/eusoilvoc#SoilHydraulicGradient","soil hydraulic gradient"
"https://w3id.org/eusoilvoc#SoilImmobileWaterContents","soil immobile water contents"
"https://w3id.org/eusoilvoc#SoilInorganicCarbon","soil inorganic carbon"
"https://w3id.org/eusoilvoc#SoilInorganicComponents","soil inorganic components"
"https://w3id.org/eusoilvoc#SoilInorganicSolid","soil inorganic solid"
"https://w3id.org/eusoilvoc#SoilIntrinsicPermeability","soil intrinsic permeability"
"https://w3id.org/eusoilvoc#SoilLeaching","soil leaching"
"https://w3id.org/eusoilvoc#SoilLocation","soil location"
"https://w3id.org/eusoilvoc#SoilLongitudinalStrain","soil longitudinal strain"
"https://w3id.org/eusoilvoc#SoilMacrofauna","soil macrofauna"
"https://w3id.org/eusoilvoc#SoilMacropore","soil macropore"
"https://w3id.org/eusoilvoc#SoilMesopore","soil mesopore"
"https://w3id.org/eusoilvoc#SoilMethanogenesis","soil methanogenesis"
"https://w3id.org/eusoilvoc#SoilMicrobialRespiration","soil microbial respiration"
"https://w3id.org/eusoilvoc#SoilMicrobioticCrusts","soil microbiotic crusts"
"https://w3id.org/eusoilvoc#SoilMineralMatter","soil mineral matter"
"https://w3id.org/eusoilvoc#SoilMobileWaterContents","soil mobile water contents"
"https://w3id.org/eusoilvoc#SoilMoistureCharacteristics","soil moisture characteristics"
"https://w3id.org/eusoilvoc#SoilMoistureContents","soil moisture contents"
"https://w3id.org/eusoilvoc#SoilMoistureDeficit","soil moisture deficit"
"https://w3id.org/eusoilvoc#SoilMoistureHysteresis","soil moisture hysteresis"
"https://w3id.org/eusoilvoc#SoilMoistureMovement","soil moisture movement"
"https://w3id.org/eusoilvoc#SoilMoisturePotential","soil moisture potential"
"https://w3id.org/eusoilvoc#SoilMoistureRedistribution","soil moisture redistribution"
"https://w3id.org/eusoilvoc#SoilMottle","soil mottle"
"https://w3id.org/eusoilvoc#SoilNegativeAdsorption","soil negative adsorption"
"https://w3id.org/eusoilvoc#SoilNutrientAvailability","soil nutrient availability"
"https://w3id.org/eusoilvoc#SoilNutrientHoldingCapacity","soil nutrient holding capacity"
"https://w3id.org/eusoilvoc#SoilNutrientImmobilisation","soil nutrient immobilisation"
"https://w3id.org/eusoilvoc#SoilNutrientRetention","soil nutrient retention"
"https://w3id.org/eusoilvoc#SoilNutrientStorage","soil nutrient storage"
"https://w3id.org/eusoilvoc#SoilOrganicComponents","soil organic components"
"https://w3id.org/eusoilvoc#SoilOrganicMatterClass","soil organic matter class"
"https://w3id.org/eusoilvoc#SoilOrganicSolid","soil organic solid"
"https://w3id.org/eusoilvoc#SoilOsmoticPotential","soil osmotic potential"
"https://w3id.org/eusoilvoc#SoilOverburdenPotential","soil overburden potential"
"https://w3id.org/eusoilvoc#SoilOxidationReaction","soil oxidation reaction"
"https://w3id.org/eusoilvoc#SoilOxidationReductionReaction","soil oxidation reduction reaction"
"https://w3id.org/eusoilvoc#SoilOxygenConcentration","soil oxygen concentration"
"https://w3id.org/eusoilvoc#SoilOxygenConsumption","soil oxygen consumption"
"https://w3id.org/eusoilvoc#SoilOxygenContents","soil oxygen contents"
"https://w3id.org/eusoilvoc#SoilOxygenDeficiency","soil oxygen deficiency"
"https://w3id.org/eusoilvoc#SoilOxygenDiffusionRate","soil oxygen diffusion rate"
"https://w3id.org/eusoilvoc#SoilPackingArrangement","soil packing arrangement"
"https://w3id.org/eusoilvoc#SoilParticleArrangement","soil particle arrangement"
"https://w3id.org/eusoilvoc#SoilParticleDensity","soil particle density"
"https://w3id.org/eusoilvoc#SoilParticleMovement","soil particle movement"
"https://w3id.org/eusoilvoc#SoilParticlePhysicalProperties","soil particle physical properties"
"https://w3id.org/eusoilvoc#SoilParticleShape","soil particle shape"
"https://w3id.org/eusoilvoc#SoilParticleSize","soil particle size"
"https://w3id.org/eusoilvoc#SoilParticleSpecificSurfaceArea","soil particle specific surface area"
"https://w3id.org/eusoilvoc#SoilParticleSurfaceCharge","soil particle surface charge"
"https://w3id.org/eusoilvoc#SoilPermanentDeformation","soil permanent deformation"
"https://w3id.org/eusoilvoc#SoilPermeability","soil permeability"
"https://w3id.org/eusoilvoc#SoilPermittivity","soil permittivity"
"https://w3id.org/eusoilvoc#SoilPhenomena","soil phenomena"
"https://w3id.org/eusoilvoc#SoilPLoss","soil phosphorus loss"
"https://w3id.org/eusoilvoc#SoilPhysicalCapacity","soil physical capacity"
"https://w3id.org/eusoilvoc#SoilPhysicalCrusts","soil physical crusts"
"https://w3id.org/eusoilvoc#SoilPhysicalDegradation","soil physical degradation"
"https://w3id.org/eusoilvoc#SoilPhysicalDegradativeProcesses","soil physical degradative processes"
"https://w3id.org/eusoilvoc#SoilPhysicalFunctions","soil physical functions"
"https://w3id.org/eusoilvoc#SoilPhysicalProcesses","soil physical processes"
"https://w3id.org/eusoilvoc#SoilPhysicalQuality","soil physical quality"
"https://w3id.org/eusoilvoc#SoilPlasticity","soil plasticity"
"https://w3id.org/eusoilvoc#SoilPollutantTransport","soil pollutant transport"
"https://w3id.org/eusoilvoc#SoilPolymerAdsorption","soil polymer adsorption"
"https://w3id.org/eusoilvoc#SoilPoreConnectivity","soil pore connectivity"
"https://w3id.org/eusoilvoc#SoilPoreContinuity","soil pore continuity"
"https://w3id.org/eusoilvoc#SoilPoreGeometry","soil pore geometry"
"https://w3id.org/eusoilvoc#SoilPoreHeterogeneity","soil pore heterogeneity"
"https://w3id.org/eusoilvoc#SoilPoreHorizontalContinuity","soil pore horizontal continuity"
"https://w3id.org/eusoilvoc#SoilPoreNumber","soil pore number"
"https://w3id.org/eusoilvoc#SoilPoreOrientation","soil pore orientation"
"https://w3id.org/eusoilvoc#SoilPorePhysicalProperties","soil pore physical properties"
"https://w3id.org/eusoilvoc#SoilPoreShape","soil pore shape"
"https://w3id.org/eusoilvoc#SoilPoreSize","soil pore size"
"https://w3id.org/eusoilvoc#SoilPoreSpace","soil pore space"
"https://w3id.org/eusoilvoc#SoilPoreTortuosity","soil pore tortuosity"
"https://w3id.org/eusoilvoc#SoilPoreVerticalContinuity","soil pore vertical continuity"
"https://w3id.org/eusoilvoc#SoilPoreVolume","soil pore volume"
"https://w3id.org/eusoilvoc#SoilPoreWaterVelocity","soil pore water velocity"
"https://w3id.org/eusoilvoc#SoilPorosityIndex","soil porosity index"
"https://w3id.org/eusoilvoc#SoilPreferentialFlowPath","soil preferential flow path"
"https://w3id.org/eusoilvoc#SoilPressurePotential","soil pressure potential"
"https://w3id.org/eusoilvoc#SoilPrimaryParticles","soil primary particles"
"https://w3id.org/eusoilvoc#SoilPuddling","soil puddling"
"https://w3id.org/eusoilvoc#SoilQuality","soil quality"
"https://w3id.org/eusoilvoc#SoilRapidDrying","soil rapid drying"
"https://w3id.org/eusoilvoc#SoilRapidWetting","soil rapid wetting"
"https://w3id.org/eusoilvoc#SoilReactivity","soil reactivity"
"https://w3id.org/eusoilvoc#SoilRedoxPotential","soil redox potential"
"https://w3id.org/eusoilvoc#SoilRelativeDensity","soil relative density"
"https://w3id.org/eusoilvoc#SoilRupture","soil rupture"
"https://w3id.org/eusoilvoc#SoilSandContents","soil sand contents"
"https://w3id.org/eusoilvoc#SoilSealingConsistence","soil sealing consistence"
"https://w3id.org/eusoilvoc#SoilSealingThickness","soil sealing thickness"
"https://w3id.org/eusoilvoc#SoilSecondaryParticles","soil secondary particles"
"https://w3id.org/eusoilvoc#SoilSedimentation","soil sedimentation"
"https://w3id.org/eusoilvoc#SoilSeepage","soil seepage"
"https://w3id.org/eusoilvoc#SoilSettlement","soil settlement"
"https://w3id.org/eusoilvoc#SoilShearStrain","soil shear strain"
"https://w3id.org/eusoilvoc#SoilShearStrength","soil shear strength"
"https://w3id.org/eusoilvoc#SoilShrinkage","soil shrinkage"
"https://w3id.org/eusoilvoc#SoilShrinking","soil shrinking"
"https://w3id.org/eusoilvoc#SoilSiltContents","soil silt contents"
"https://w3id.org/eusoilvoc#SoilSlaking","soil slaking"
"https://w3id.org/eusoilvoc#SoilSlopeStability","soil slope stability"
"https://w3id.org/eusoilvoc#SoilSlowDrying","soil slow drying"
"https://w3id.org/eusoilvoc#SoilSlowWetting","soil slow wetting"
"https://w3id.org/eusoilvoc#SoilSolid","soil solid"
"https://w3id.org/eusoilvoc#SoilSolidTransport","soil solid transport"
"https://w3id.org/eusoilvoc#SoilSoluteConvection","soil solute convection"
"https://w3id.org/eusoilvoc#SoilSoluteConvectiveTransport","soil solute convective transport"
"https://w3id.org/eusoilvoc#SoilSoluteDiffusion","soil solute diffusion"
"https://w3id.org/eusoilvoc#SoilSoluteDiffusiveTransport","soil solute diffusive transport"
"https://w3id.org/eusoilvoc#SoilSoluteDispersion","soil solute dispersion"
"https://w3id.org/eusoilvoc#SoilSoluteDispersiveTransport","soil solute dispersive transport"
"https://w3id.org/eusoilvoc#SoilSoluteDispersivity","soil solute dispersivity"
"https://w3id.org/eusoilvoc#SoilSoluteFluxDensity","soil solute flux density"
"https://w3id.org/eusoilvoc#SoilSolutePhysicalProperties","soil solute physical properties"
"https://w3id.org/eusoilvoc#SoilSoluteTransport","soil solute transport"
"https://w3id.org/eusoilvoc#SoilSolutes","soil solutes"
"https://w3id.org/eusoilvoc#SoilSolution","soil solution"
"https://w3id.org/eusoilvoc#SoilSpatialProperties","soil spatial properties"
"https://w3id.org/eusoilvoc#SoilSpecificGravity","soil specific gravity"
"https://w3id.org/eusoilvoc#SoilStrain","soil strain"
"https://w3id.org/eusoilvoc#SoilStrainHardening","soil strain hardening"
"https://w3id.org/eusoilvoc#SoilStrength","soil strength"
"https://w3id.org/eusoilvoc#SoilStrengthIndex","soil strength index"
"https://w3id.org/eusoilvoc#SoilStructuralChange","soil structural change"
"https://w3id.org/eusoilvoc#SoilStructuralCrusts","soil structural crusts"
"https://w3id.org/eusoilvoc#SoilStructuralDecline","soil structural decline"
"https://w3id.org/eusoilvoc#SoilStructuralMovement","soil structural movement"
"https://w3id.org/eusoilvoc#SoilStructuralResilience","soil structural resilience"
"https://w3id.org/eusoilvoc#SoilStructuralStability","soil structural stability"
"https://w3id.org/eusoilvoc#SoilStructureIndex","soil structure index"
"https://w3id.org/eusoilvoc#SoilStructureIndirectIndex","soil structure indirect index"
"https://w3id.org/eusoilvoc#SoilSubstance","soil substance"
"https://w3id.org/eusoilvoc#SoilSurfaceAge","soil surface age"
"https://w3id.org/eusoilvoc#SoilSurfaceCharge","soil surface charge"
"https://w3id.org/eusoilvoc#SoilSurfaceSeal","soil surface seal"
"https://w3id.org/eusoilvoc#SoilSurfaceSealFormation","soil surface seal formation"
"https://w3id.org/eusoilvoc#SoilSurfaceSealing","soil surface sealing"
"https://w3id.org/eusoilvoc#SoilSwellShrinkCapacity","soil swell shrink capacity"
"https://w3id.org/eusoilvoc#SoilSwellShrinkProperties","soil swell shrink properties"
"https://w3id.org/eusoilvoc#SoilSwelling","soil swelling"
"https://w3id.org/eusoilvoc#SoilSwellingCapacity","soil swelling capacity"
"https://w3id.org/eusoilvoc#SoilSwellingPotential","soil swelling potential"
"https://w3id.org/eusoilvoc#SoilTangentialStrain","soil tangential strain"
"https://w3id.org/eusoilvoc#SoilTexture","soil texture"
"https://w3id.org/eusoilvoc#SoilThawing","soil thawing"
"https://w3id.org/eusoilvoc#SoilThermalDiffusivity","soil thermal diffusivity"
"https://w3id.org/eusoilvoc#SoilThermalProcesses","soil thermal processes"
"https://w3id.org/eusoilvoc#SoilTilth","soil tilth"
"https://w3id.org/eusoilvoc#SoilTotalCarbon","soil total carbon"
"https://w3id.org/eusoilvoc#SoilTrafficability","soil trafficability"
"https://w3id.org/eusoilvoc#SoilTransportability","soil transportability"
"https://w3id.org/eusoilvoc#SoilTrueDensity","soil true density"
"https://w3id.org/eusoilvoc#SoilViscosity","soil viscosity"
"https://w3id.org/eusoilvoc#SoilVoids","soil voids"
"https://w3id.org/eusoilvoc#SoilVolume","soil volume"
"https://w3id.org/eusoilvoc#SoilVolumeChange","soil volume change"
"https://w3id.org/eusoilvoc#SoilVolumetricMoistureContents","soil volumetric moisture contents"
"https://w3id.org/eusoilvoc#SoilWarming","soil warming"
"https://w3id.org/eusoilvoc#SoilWaterAbsorption","soil water absorption"
"https://w3id.org/eusoilvoc#SoilWaterAbsorptionCapacity","soil water absorption capacity"
"https://w3id.org/eusoilvoc#SoilWaterAdsorption","soil water adsorption"
"https://w3id.org/eusoilvoc#SoilWaterAffinity","soil water affinity"
"https://w3id.org/eusoilvoc#SoilWaterAvailability","soil water availability"
"https://w3id.org/eusoilvoc#SoilWaterCharacteristics","soil water characteristics"
"https://w3id.org/eusoilvoc#SoilWaterCondensation","soil water condensation"
"https://w3id.org/eusoilvoc#SoilWaterConductivity","soil water conductivity"
"https://w3id.org/eusoilvoc#SoilWaterContents","soil water contents"
"https://w3id.org/eusoilvoc#SoilWaterDiffusivity","soil water diffusivity"
"https://w3id.org/eusoilvoc#SoilWaterEvapouration","soil water evapouration"
"https://w3id.org/eusoilvoc#SoilWaterEvapourationRate","soil water evapouration rate"
"https://w3id.org/eusoilvoc#SoilWaterFlow","soil water flow"
"https://w3id.org/eusoilvoc#SoilWaterHoldingCapacity","soil water holding capacity"
"https://w3id.org/eusoilvoc#SoilWaterInfiltrationCapacity","soil water infiltration capacity"
"https://w3id.org/eusoilvoc#SoilWaterInfiltrationRate","soil water infiltration rate"
"https://w3id.org/eusoilvoc#SoilWaterInfiltrationRateClass","soil water infiltration rate class"
"https://w3id.org/eusoilvoc#SoilWaterInfiltrationRateNumeric","soil water infiltration rate numeric"
"https://w3id.org/eusoilvoc#SoilWaterLoss","soil water loss"
"https://w3id.org/eusoilvoc#SoilWaterPermeability","soil water permeability"
"https://w3id.org/eusoilvoc#SoilWaterPhysicalProcesses","soil water physical processes"
"https://w3id.org/eusoilvoc#SoilWaterPhysicalProperties","soil water physical properties"
"https://w3id.org/eusoilvoc#SoilWaterPotential","soil water potential"
"https://w3id.org/eusoilvoc#SoilWaterRetentionCapacity","soil water retention capacity"
"https://w3id.org/eusoilvoc#SoilWaterRetentionIndex","soil water retention index"
"https://w3id.org/eusoilvoc#SoilWaterSorptionProperties","soil water sorption properties"
"https://w3id.org/eusoilvoc#SoilWaterTableDepth","soil water table depth"
"https://w3id.org/eusoilvoc#SoilWaterTablePosition","soil water table position"
"https://w3id.org/eusoilvoc#SoilWaterTransmission","soil water transmission"
"https://w3id.org/eusoilvoc#SoilWaterTransmissionIndex","soil water transmission index"
"https://w3id.org/eusoilvoc#SoilWaterTransport","soil water transport"
"https://w3id.org/eusoilvoc#SoilWetness","soil wetness"
"https://w3id.org/eusoilvoc#SoilWetting","soil wetting"
"https://w3id.org/eusoilvoc#SolubleAnionTotal","soluble anion total"
"https://w3id.org/eusoilvoc#SolubleCationTotal","soluble cation total"
"https://w3id.org/eusoilvoc#SolubleSalts","soluble salts"
"https://w3id.org/eusoilvoc#Stickiness","stickiness"
"https://w3id.org/eusoilvoc#StickyConsistence","sticky consistence"
"https://w3id.org/eusoilvoc#StructuralPores","structural pores"
"https://w3id.org/eusoilvoc#StructuralPorosity","structural porosity"
"https://w3id.org/eusoilvoc#StructureGrade","structure grade"
"https://w3id.org/eusoilvoc#StructureSize","structure size"
"https://w3id.org/eusoilvoc#SulfurExtractableElements","sulfur extractable elements"
"https://w3id.org/eusoilvoc#SulfurTotalElements","sulfur total elements"
"https://w3id.org/eusoilvoc#SupportingServices","supporting services"
"https://w3id.org/eusoilvoc#SurfaceAggregationRatio","surface aggregation ratio"
"https://w3id.org/eusoilvoc#Termites","termites"
"https://w3id.org/eusoilvoc#TexturalPores","textural pores"
"https://w3id.org/eusoilvoc#TexturalPorosity","textural porosity"
"https://w3id.org/eusoilvoc#TextureFieldClass","texture field class"
"https://w3id.org/eusoilvoc#TextureLabClass","texture lab class"
"https://w3id.org/eusoilvoc#TotalCarbonateEquivalent","total carbonate equivalent"
"https://w3id.org/eusoilvoc#TotalPorosity","total porosity"
"https://w3id.org/eusoilvoc#TotalSoilMoisturePotential","total soil moisture potential"
"https://w3id.org/eusoilvoc#totalElementsProcedure-Total_h2so4","Total_h2so4"
"https://w3id.org/eusoilvoc#totalElementsProcedure-Total_hcl","Total_hcl"
"https://w3id.org/eusoilvoc#totalElementsProcedure-Total_hcl-aquaregia","Total_hcl-aquaregia"
"https://w3id.org/eusoilvoc#totalElementsProcedure-Total_hclo4","Total_hclo4"
"https://w3id.org/eusoilvoc#totalElementsProcedure-Total_hno3-aquafortis","Total_hno3-aquafortis"
"https://w3id.org/eusoilvoc#totalElementsProcedure-Total_nh4-6mo7o24","Total_nh4-6mo7o24"
"https://w3id.org/eusoilvoc#totalElementsProcedure-Total_tp03","Total_tp03"
"https://w3id.org/eusoilvoc#totalElementsProcedure-Total_tp04","Total_tp04"
"https://w3id.org/eusoilvoc#totalElementsProcedure-Total_tp05","Total_tp05"
"https://w3id.org/eusoilvoc#totalElementsProcedure-Total_tp06","Total_tp06"
"https://w3id.org/eusoilvoc#totalElementsProcedure-Total_tp07","Total_tp07"
"https://w3id.org/eusoilvoc#totalElementsProcedure-Total_tp08","Total_tp08"
"https://w3id.org/eusoilvoc#totalElementsProcedure-Total_tp09","Total_tp09"
"https://w3id.org/eusoilvoc#totalElementsProcedure-Total_tp10","Total_tp10"
"https://w3id.org/eusoilvoc#totalElementsProcedure-Total_unkn","Total_unk"
"https://w3id.org/eusoilvoc#totalElementsProcedure-Total_xrd","Total_xrd"
"https://w3id.org/eusoilvoc#totalElementsProcedure-Total_xrf","Total_xrf"
"https://w3id.org/eusoilvoc#totalElementsProcedure-Total_xrf-p","Total_xrf-p"
"https://w3id.org/eusoilvoc#totalElementsProcedure-Total_xtf-t","Total_xtf-t"
"https://w3id.org/eusoilvoc#nitrogenTotalProcedure-TotalN_bremner","TotalN_bremner"
"https://w3id.org/eusoilvoc#nitrogenTotalProcedure-TotalN_calcul","TotalN_calcul"
"https://w3id.org/eusoilvoc#nitrogenTotalProcedure-TotalN_calcul-oc10","TotalN_calcul-oc10"
"https://w3id.org/eusoilvoc#nitrogenTotalProcedure-TotalN_dc","TotalN_dc"
"https://w3id.org/eusoilvoc#nitrogenTotalProcedure-TotalN_dc-ht-dumas","TotalN_dc-ht-dumas"
"https://w3id.org/eusoilvoc#nitrogenTotalProcedure-TotalN_dc-ht-leco","TotalN_dc-ht-leco"
"https://w3id.org/eusoilvoc#nitrogenTotalProcedure-TotalN_dc-spec","TotalN_dc-spec"
"https://w3id.org/eusoilvoc#nitrogenTotalProcedure-TotalN_h2so4","TotalN_h2so4"
"https://w3id.org/eusoilvoc#nitrogenTotalProcedure-TotalN_kjeldahl","TotalN_kjeldahl"
"https://w3id.org/eusoilvoc#nitrogenTotalProcedure-TotalN_kjeldahl-nh4","TotalN_kjeldahl-nh4"
"https://w3id.org/eusoilvoc#nitrogenTotalProcedure-TotalN_nelson","TotalN_nelso"
"https://w3id.org/eusoilvoc#nitrogenTotalProcedure-TotalN_tn04","TotalN_tn04"
"https://w3id.org/eusoilvoc#nitrogenTotalProcedure-TotalN_tn06","TotalN_tn06"
"https://w3id.org/eusoilvoc#nitrogenTotalProcedure-TotalN_tn08","TotalN_tn08"
"https://w3id.org/eusoilvoc#carbonTotalProcedure-TotC_calcul-ic-oc","TotC_calcul-ic-oc"
"https://w3id.org/eusoilvoc#carbonTotalProcedure-TotC_dc-ht","TotC_dc-ht"
"https://w3id.org/eusoilvoc#carbonTotalProcedure-TotC_dc-ht-analyser","TotC_dc-ht-analyser"
"https://w3id.org/eusoilvoc#carbonTotalProcedure-TotC_dc-ht-spec","TotC_dc-ht-spec"
"https://w3id.org/eusoilvoc#carbonTotalProcedure-TotC_dc-mt","TotC_dc-mt"
"https://w3id.org/eusoilvoc#organicMatterProcedure-TotHumC_unkn","TotHumC_unk"
"https://w3id.org/eusoilvoc#TransverseDispersion","transverse dispersion"
"https://w3id.org/eusoilvoc#TreeDensity","tree density"
"https://w3id.org/eusoilvoc#UnsaturatedHydraulicConductivity","unsaturated hydraulic conductivity"
"https://w3id.org/eusoilvoc#UnsaturatedWaterFlow","unsaturated water flow"
"https://w3id.org/eusoilvoc#VariableCharge","variable charge"
"https://w3id.org/eusoilvoc#VegetationClass","vegetation class"
"https://w3id.org/eusoilvoc#moistureContentProcedure-VMC_calcul-ptf","VMC_calcul-ptf"
"https://w3id.org/eusoilvoc#moistureContentProcedure-VMC_calcul-ptf-brookscorey","VMC_calcul-ptf-brookscorey"
"https://w3id.org/eusoilvoc#moistureContentProcedure-VMC_d","VMC_d"
"https://w3id.org/eusoilvoc#moistureContentProcedure-VMC_d-cl","VMC_d-cl"
"https://w3id.org/eusoilvoc#moistureContentProcedure-VMC_d-cl-ww","VMC_d-cl-ww"
"https://w3id.org/eusoilvoc#moistureContentProcedure-VMC_d-ww","VMC_d-ww"
"https://w3id.org/eusoilvoc#moistureContentProcedure-VMC_ud","VMC_ud"
"https://w3id.org/eusoilvoc#moistureContentProcedure-VMC_ud-cl","VMC_ud-cl"
"https://w3id.org/eusoilvoc#moistureContentProcedure-VMC_ud-co","VMC_ud-co"
"https://w3id.org/eusoilvoc#VoidDiameter","void diameter"
"https://w3id.org/eusoilvoc#VoidRatio","void ratio"
"https://w3id.org/eusoilvoc#WasteDisposal","waste disposal"
"https://w3id.org/eusoilvoc#WaterInterchange","water interchange"
"https://w3id.org/eusoilvoc#WaterRegulation","water regulation"
"https://w3id.org/eusoilvoc#WaterStorageCapacity","water storage capacity"
"https://w3id.org/eusoilvoc#WeatherCurrent","weather current"
"https://w3id.org/eusoilvoc#WeatherPast","weather past"
"https://w3id.org/eusoilvoc#WeatheringFragments","weathering fragments"
"https://w3id.org/eusoilvoc#WeatheringRock","weathering rock"
"https://w3id.org/eusoilvoc#WetPlasticity","wet plasticity"
"https://w3id.org/eusoilvoc#WetSoilBulkDensity","wet soil bulk density"
"https://w3id.org/eusoilvoc#ZincExtractableElements","zinc extractable elements"
"https://w3id.org/eusoilvoc#ZincTotalElements","zinc total elements"
